{
    "name": "root",
    "gauges": {
        "RobotPathFinder.Policy.Entropy.mean": {
            "value": 0.4056192934513092,
            "min": 0.4056192934513092,
            "max": 0.4056192934513092,
            "count": 1
        },
        "RobotPathFinder.Policy.ExtrinsicValueEstimate.mean": {
            "value": -0.002747153863310814,
            "min": -0.002747153863310814,
            "max": -0.002747153863310814,
            "count": 1
        },
        "RobotPathFinder.Environment.EpisodeLength.mean": {
            "value": 768.4,
            "min": 768.4,
            "max": 768.4,
            "count": 1
        },
        "RobotPathFinder.Environment.CumulativeReward.mean": {
            "value": -0.047504288589516365,
            "min": -0.047504288589516365,
            "max": -0.047504288589516365,
            "count": 1
        },
        "RobotPathFinder.Policy.ExtrinsicReward.mean": {
            "value": -0.047504288589516365,
            "min": -0.047504288589516365,
            "max": -0.047504288589516365,
            "count": 1
        },
        "RobotPathFinder.IsTraining.mean": {
            "value": 1.0,
            "min": 1.0,
            "max": 1.0,
            "count": 1
        }
    },
    "metadata": {
        "timer_format_version": "0.1.0",
        "start_time_seconds": "1607358696",
        "python_version": "3.8.5 (default, Jul 21 2020, 10:48:26) \n[Clang 11.0.3 (clang-1103.0.32.62)]",
        "command_line_arguments": "/Users/macbook/personal_work/python_venvs/UnityMLAgentsEnv/bin/mlagents-learn ../RobotPathFinder.yaml --run-id=Run07 --resume",
        "mlagents_version": "0.22.0",
        "mlagents_envs_version": "0.22.0",
        "communication_protocol_version": "1.2.0",
        "pytorch_version": "1.7.0",
        "numpy_version": "1.19.4",
        "end_time_seconds": "1607359002"
    },
    "total": 305.92969069400004,
    "count": 1,
    "self": 0.00527306900005442,
    "children": {
        "run_training.setup": {
            "total": 0.05841513900000006,
            "count": 1,
            "self": 0.05841513900000006
        },
        "TrainerController.start_learning": {
            "total": 305.866002486,
            "count": 1,
            "self": 0.43052078900001334,
            "children": {
                "TrainerController._reset_env": {
                    "total": 10.884721312,
                    "count": 1,
                    "self": 10.884721312
                },
                "TrainerController.advance": {
                    "total": 294.18433478899993,
                    "count": 15035,
                    "self": 0.21803817499949218,
                    "children": {
                        "env_step": {
                            "total": 293.96629661400044,
                            "count": 15035,
                            "self": 260.0495888130003,
                            "children": {
                                "SubprocessEnvManager._take_step": {
                                    "total": 33.68852030400191,
                                    "count": 15035,
                                    "self": 1.0490994030023941,
                                    "children": {
                                        "TorchPolicy.evaluate": {
                                            "total": 32.63942090099952,
                                            "count": 15019,
                                            "self": 5.252341745999281,
                                            "children": {
                                                "TorchPolicy.sample_actions": {
                                                    "total": 27.387079155000237,
                                                    "count": 15019,
                                                    "self": 27.387079155000237
                                                }
                                            }
                                        }
                                    }
                                },
                                "workers": {
                                    "total": 0.22818749699824714,
                                    "count": 15034,
                                    "self": 0.0,
                                    "children": {
                                        "worker_root": {
                                            "total": 294.0959387709984,
                                            "count": 15034,
                                            "is_parallel": true,
                                            "self": 51.2397058480006,
                                            "children": {
                                                "steps_from_proto": {
                                                    "total": 0.0006730420000007342,
                                                    "count": 1,
                                                    "is_parallel": true,
                                                    "self": 0.00021576100000331166,
                                                    "children": {
                                                        "_process_vector_observation": {
                                                            "total": 0.00045728099999742255,
                                                            "count": 4,
                                                            "is_parallel": true,
                                                            "self": 0.00045728099999742255
                                                        }
                                                    }
                                                },
                                                "UnityEnvironment.step": {
                                                    "total": 242.8555598809978,
                                                    "count": 15034,
                                                    "is_parallel": true,
                                                    "self": 2.031728811998363,
                                                    "children": {
                                                        "UnityEnvironment._generate_step_input": {
                                                            "total": 1.206515609001075,
                                                            "count": 15034,
                                                            "is_parallel": true,
                                                            "self": 1.206515609001075
                                                        },
                                                        "communicator.exchange": {
                                                            "total": 231.7317365419998,
                                                            "count": 15034,
                                                            "is_parallel": true,
                                                            "self": 231.7317365419998
                                                        },
                                                        "steps_from_proto": {
                                                            "total": 7.8855789179985525,
                                                            "count": 15034,
                                                            "is_parallel": true,
                                                            "self": 3.1346176739979885,
                                                            "children": {
                                                                "_process_vector_observation": {
                                                                    "total": 4.750961244000564,
                                                                    "count": 60136,
                                                                    "is_parallel": true,