{
    "name": "root",
    "gauges": {
        "RobotPathFinder.Policy.Entropy.mean": {
            "value": 1.152841567993164,
            "min": 1.152841567993164,
            "max": 1.360204815864563,
            "count": 2
        },
        "RobotPathFinder.Environment.EpisodeLength.mean": {
            "value": 184.55925925925925,
            "min": 94.63409961685824,
            "max": 184.55925925925925,
            "count": 2
        },
        "RobotPathFinder.Policy.ExtrinsicValueEstimate.mean": {
            "value": -0.007140938192605972,
            "min": -0.007140938192605972,
            "max": 0.03731345012784004,
            "count": 2
        },
        "RobotPathFinder.Environment.CumulativeReward.mean": {
            "value": -0.03237185574617936,
            "min": -0.03237185574617936,
            "max": -0.03155527521431949,
            "count": 2
        },
        "RobotPathFinder.Policy.ExtrinsicReward.mean": {
            "value": -0.03237185574617936,
            "min": -0.03237185574617936,
            "max": -0.03155527521431949,
            "count": 2
        },
        "RobotPathFinder.Losses.PolicyLoss.mean": {
            "value": 0.023854938712126267,
            "min": 0.023118866830676175,
            "max": 0.023854938712126267,
            "count": 2
        },
        "RobotPathFinder.Losses.ValueLoss.mean": {
            "value": 0.00041374402169215807,
            "min": 0.00041374402169215807,
            "max": 0.0039434767527078895,
            "count": 2
        },
        "RobotPathFinder.Policy.LearningRate.mean": {
            "value": 0.00025686769437744,
            "min": 0.00025686769437744,
            "max": 0.00028458585513805,
            "count": 2
        },
        "RobotPathFinder.Policy.Epsilon.mean": {
            "value": 0.18562256000000002,
            "min": 0.18562256000000002,
            "max": 0.19486194999999998,
            "count": 2
        },
        "RobotPathFinder.Policy.Beta.mean": {
            "value": 0.004282565744000001,
            "min": 0.004282565744000001,
            "max": 0.004743611305,
            "count": 2
        },
        "RobotPathFinder.IsTraining.mean": {
            "value": 1.0,
            "min": 1.0,
            "max": 1.0,
            "count": 2
        }
    },
    "metadata": {
        "timer_format_version": "0.1.0",
        "start_time_seconds": "1607359090",
        "python_version": "3.8.5 (default, Jul 21 2020, 10:48:26) \n[Clang 11.0.3 (clang-1103.0.32.62)]",
        "command_line_arguments": "/Users/macbook/personal_work/python_venvs/UnityMLAgentsEnv/bin/mlagents-learn ../RobotPathFinder.yaml --run-id=Run08",
        "mlagents_version": "0.22.0",
        "mlagents_envs_version": "0.22.0",
        "communication_protocol_version": "1.2.0",
        "pytorch_version": "1.7.0",
        "numpy_version": "1.19.4",
        "end_time_seconds": "1607371649"
    },
    "total": 12559.093143880998,
    "count": 1,
    "self": 0.0741086539983371,
    "children": {
        "run_training.setup": {
            "total": 0.021592339000000127,
            "count": 1,
            "self": 0.021592339000000127
        },
        "TrainerController.start_learning": {
            "total": 12558.997442888,
            "count": 1,
            "self": 3.381008972768541,
            "children": {
                "TrainerController._reset_env": {
                    "total": 7.974545668000001,
                    "count": 1,
                    "self": 7.974545668000001
                },
                "TrainerController.advance": {
                    "total": 12547.370354687231,
                    "count": 101388,
                    "self": 1.7043758192485257,
                    "children": {
                        "env_step": {
                            "total": 12545.665978867983,
                            "count": 101388,
                            "self": 12271.502608407822,
                            "children": {
                                "SubprocessEnvManager._take_step": {
                                    "total": 272.35956403303214,
                                    "count": 101388,
                                    "self": 8.606962813356745,
                                    "children": {
                                        "TorchPolicy.evaluate": {
                                            "total": 263.7526012196754,
                                            "count": 100593,
                                            "self": 39.84438477584587,
                                            "children": {
                                                "TorchPolicy.sample_actions": {
                                                    "total": 223.90821644382953,
                                                    "count": 100593,
                                                    "self": 223.90821644382953
                                                }
                                            }
                                        }
                                    }
                                },
                                "workers": {
                                    "total": 1.803806427128288,
                                    "count": 101387,
                                    "self": 0.0,
                                    "children": {
                                        "worker_root": {
                                            "total": 12544.996452490936,
                                            "count": 101387,
                                            "is_parallel": true,
                                            "self": 412.510913058748,
                                            "children": {
                                                "steps_from_proto": {
                                                    "total": 0.0006056469999995429,
                                                    "count": 1,
                                                    "is_parallel": true,
                                                    "self": 0.0001986199999999272,
                                                    "children": {
                                                        "_process_vector_observation": {
                                                            "total": 0.00040702699999961567,
                                                            "count": 4,
                                                            "is_parallel": true,
                                                            "self": 0.00040702699999961567
                                                        }
                                                    }
                                                },
                                                "UnityEnvironment.step": {
                                                    "total": 12132.484933785188,
                                                    "count": 101387,
                                                    "is_parallel": true,
                                                    "self": 16.331281149010465,
                                                    "children": {
                                                        "UnityEnvironment._generate_step_input": {
                                                            "total": 9.45574720903833,
                                                            "count": 101387,
                                                            "is_parallel": true,
                                                            "self": 9.45574720903833
                                                        },
                                                        "communicator.exchange": {
                                                            "total": 12043.410147953015,
                                                            "count": 101387,