{
    "name": "root",
    "metadata": {
        "timer_format_version": "0.1.0",
        "start_time_seconds": "1607371689",
        "python_version": "3.8.5 (default, Jul 21 2020, 10:48:26) \n[Clang 11.0.3 (clang-1103.0.32.62)]",
        "command_line_arguments": "/Users/macbook/personal_work/python_venvs/UnityMLAgentsEnv/bin/mlagents-learn ../RobotPathFinder.yaml --run-id=Run09",
        "mlagents_version": "0.22.0",
        "mlagents_envs_version": "0.22.0",
        "communication_protocol_version": "1.2.0",
        "pytorch_version": "1.7.0",
        "numpy_version": "1.19.4",
        "end_time_seconds": "1607373448"
    },
    "total": 1759.3216019259999,
    "count": 1,
    "self": 0.08883289599975797,
    "children": {
        "run_training.setup": {
            "total": 0.030086529000000084,
            "count": 1,
            "self": 0.030086529000000084
        },
        "TrainerController.start_learning": {
            "total": 1759.202682501,
            "count": 1,
            "self": 0.3499041699994905,
            "children": {
                "TrainerController._reset_env": {
                    "total": 31.497782633000003,
                    "count": 1,
                    "self": 31.497782633000003
                },
                "TrainerController.advance": {
                    "total": 1726.9151741870005,
                    "count": 9183,
                    "self": 0.17933259700157578,
                    "children": {
                        "env_step": {
                            "total": 1726.735841589999,
                            "count": 9183,
                            "self": 1697.2934782059872,
                            "children": {
                                "SubprocessEnvManager._take_step": {
                                    "total": 29.26774221901254,
                                    "count": 9183,
                                    "self": 0.9052173030004695,
                                    "children": {
                                        "TorchPolicy.evaluate": {
                                            "total": 28.36252491601207,
                                            "count": 9062,
                                            "self": 4.2086482570110775,
                                            "children": {
                                                "TorchPolicy.sample_actions": {
                                                    "total": 24.153876659000993,
                                                    "count": 9062,
                                                    "self": 24.153876659000993
                                                }
                                            }
                                        }
                                    }
                                },
                                "workers": {
                                    "total": 0.17462116499918068,
                                    "count": 9182,
                                    "self": 0.0,
                                    "children": {
                                        "worker_root": {
                                            "total": 1726.528022836,
                                            "count": 9182,
                                            "is_parallel": true,
                                            "self": 43.93810017499868,
                                            "children": {
                                                "steps_from_proto": {
                                                    "total": 0.009539178000000703,
                                                    "count": 1,
                                                    "is_parallel": true,
                                                    "self": 0.006522209999999973,
                                                    "children": {
                                                        "_process_vector_observation": {
                                                            "total": 0.0030169680000007304,
                                                            "count": 4,
                                                            "is_parallel": true,
                                                            "self": 0.0030169680000007304
                                                        }
                                                    }
                                                },
                                                "UnityEnvironment.step": {
                                                    "total": 1682.5803834830012,
                                                    "count": 9182,
                                                    "is_parallel": true,
                                                    "self": 1.719812197995907,
                                                    "children": {
                                                        "UnityEnvironment._generate_step_input": {
                                                            "total": 1.024202088004838,
                                                            "count": 9182,
                                                            "is_parallel": true,
                                                            "self": 1.024202088004838
                                                        },
                                                        "communicator.exchange": {
                                                            "total": 1673.2197009280023,
                                                            "count": 9182,
                                                            "is_parallel": true,
                                                            "self": 1673.2197009280023
                                                        },
                                                        "steps_from_proto": {
                                                            "total": 6.616668268998154,
                                                            "count": 9182,
                                                            "is_parallel": true,
                                                            "self": 2.699643418993574,
                                                            "children": {
                                                                "_process_vector_observation": {
                                                                    "total": 3.91702485000458,
                                                                    "count": 36728,
                                                                    "is_parallel": true,
                                                                    "self": 3.91702485000458
                                                                }
                                                            }
                                                        }
                                                    }
                                                }
                                            }
                                        }
                                    }
                                }
                            }
                        }
                    }
                },
                "trainer_threads": {
                    "total": 2.6674000082493876e-05,
                    "count": 1,
                    "self": 2.6674000082493876e-05,
                    "children": {
                        "thread_root": {
                            "total": 0.0,
                            "count": 0,
                            "is_parallel": true,
                            "self": 0.0,
                            "children": {
                                "trainer_advance": {
                                    "total": 1611.1119283699784,