{"count":1,"self":13.104699199999999,"total":13.591258999999999,"children":{"InitializeActuators":{"count":40,"self":0.0020499999999999997,"total":0.0020499999999999997,"children":null},"InitializeSensors":{"count":40,"self":0.002303,"total":0.002303,"children":null},"AgentSendState":{"count":639,"self":0.011961999999999999,"total":0.016632,"children":{"CollectObservations":{"count":376,"self":0.001557,"total":0.001557,"children":null},"CollectDiscreteActionMasks":{"count":376,"self":0.00091599999999999993,"total":0.00091599999999999993,"children":null},"RequestDecision":{"count":376,"self":0.0021969999999999997,"total":0.0021969999999999997,"children":null}}},"DecideAction":{"count":639,"self":0.310952,"total":0.457082,"children":{"RayPerceptionSensor.Perceive":{"count":376,"self":0.14612999999999998,"total":0.14612999999999998,"children":null}}},"AgentAct":{"count":639,"self":0.0074839999999999993,"total":0.0074839999999999993,"children":null}},"gauges":{"Robot Path Finder.CumulativeReward":{"count":41,"max":1.00715613,"min":-0.1,"runningAverage":0.3573424,"value":-0.096181646,"weightedAverage":0.348999023}},"metadata":{"timer_format_version":"0.1.0","start_time_seconds":"1606887930","unity_version":"2020.1.15f1","command_line_arguments":"\/Applications\/Unity\/Hub\/Editor\/2020.1.15f1\/Unity.app\/Contents\/MacOS\/Unity -projectpath \/Users\/macbook\/personal_work\/simulation\/Warehouse Robot -useHub -hubIPC -cloudEnvironment production -hubSessionId e7b3af40-3313-11eb-befa-a9af35223549 -accessToken 1-R1099I-gbly52gRKbqqL3Y_ZuSAF0mzEWubHBSaXM011f","communication_protocol_version":"1.2.0","com.unity.ml-agents_version":"1.6.0-preview","scene_name":"SampleScene","end_time_seconds":"1606887943"}}