{
    "name": "root",
    "metadata": {
        "timer_format_version": "0.1.0",
        "start_time_seconds": "1607337642",
        "python_version": "3.8.5 (default, Jul 21 2020, 10:48:26) \n[Clang 11.0.3 (clang-1103.0.32.62)]",
        "command_line_arguments": "/Users/macbook/personal_work/python_venvs/UnityMLAgentsEnv/bin/mlagents-learn ../RobotPathFinder.yaml --run-id=Run06 --resume",
        "mlagents_version": "0.22.0",
        "mlagents_envs_version": "0.22.0",
        "communication_protocol_version": "1.2.0",
        "pytorch_version": "1.7.0",
        "numpy_version": "1.19.4",
        "end_time_seconds": "1607337736"
    },
    "total": 93.55820752,
    "count": 1,
    "self": 0.009698405999998272,
    "children": {
        "run_training.setup": {
            "total": 0.04445594500000016,
            "count": 1,
            "self": 0.04445594500000016
        },
        "TrainerController.start_learning": {
            "total": 93.504053169,
            "count": 1,
            "self": 0.0956710779998815,
            "children": {
                "TrainerController._reset_env": {
                    "total": 31.476964926,
                    "count": 1,
                    "self": 31.476964926
                },
                "TrainerController.advance": {
                    "total": 61.64929742800012,
                    "count": 2861,
                    "self": 0.049356678000194165,
                    "children": {
                        "env_step": {
                            "total": 61.599940749999924,
                            "count": 2861,
                            "self": 53.213096933999964,
                            "children": {
                                "SubprocessEnvManager._take_step": {
                                    "total": 8.338386184999777,
                                    "count": 2861,
                                    "self": 0.2549298189995852,
                                    "children": {
                                        "TorchPolicy.evaluate": {
                                            "total": 8.083456366000192,
                                            "count": 2804,
                                            "self": 1.1481624149999732,
                                            "children": {
                                                "TorchPolicy.sample_actions": {
                                                    "total": 6.935293951000219,
                                                    "count": 2804,
                                                    "self": 6.935293951000219
                                                }
                                            }
                                        }
                                    }
                                },
                                "workers": {
                                    "total": 0.048457631000182744,
                                    "count": 2860,
                                    "self": 0.0,
                                    "children": {
                                        "worker_root": {
                                            "total": 61.90185315499966,
                                            "count": 2860,
                                            "is_parallel": true,
                                            "self": 12.755721622000003,
                                            "children": {
                                                "steps_from_proto": {
                                                    "total": 0.0017385599999997225,
                                                    "count": 1,
                                                    "is_parallel": true,
                                                    "self": 0.0002878129999999146,
                                                    "children": {
                                                        "_process_vector_observation": {
                                                            "total": 0.001450746999999808,
                                                            "count": 4,
                                                            "is_parallel": true,
                                                            "self": 0.001450746999999808
                                                        }
                                                    }
                                                },
                                                "UnityEnvironment.step": {
                                                    "total": 49.144392972999654,
                                                    "count": 2860,
                                                    "is_parallel": true,
                                                    "self": 0.5593015370001098,
                                                    "children": {
                                                        "UnityEnvironment._generate_step_input": {
                                                            "total": 0.33137031099999703,
                                                            "count": 2860,
                                                            "is_parallel": true,
                                                            "self": 0.33137031099999703
                                                        },
                                                        "communicator.exchange": {
                                                            "total": 45.9610248449996,
                                                            "count": 2860,
                                                            "is_parallel": true,
                                                            "self": 45.9610248449996
                                                        },
                                                        "steps_from_proto": {
                                                            "total": 2.2926962799999444,
                                                            "count": 2860,
                                                            "is_parallel": true,
                                                            "self": 0.7499817199997736,
                                                            "children": {
                                                                "_process_vector_observation": {
                                                                    "total": 1.5427145600001708,
                                                                    "count": 11440,
                                                                    "is_parallel": true,
                                                                    "self": 1.5427145600001708
                                                                }
                                                            }
                                                        }
                                                    }
                                                }
                                            }
                                        }
                                    }
                                }
                            }
                        }
                    }
                },
                "trainer_threads": {
                    "total": 3.105999999775122e-05,
                    "count": 1,
                    "self": 3.105999999775122e-05,
                    "children": {
                        "thread_root": {
                            "total": 0.0,
                            "count": 0,
                            "is_parallel": true,
                            "self": 0.0,
                            "children": {
                                "trainer_advance": {
                                    "total": 58.06292401099565,